gstID,startTime,allKpIndex,link,linkedEvents,submissionTime,versionId,sentNotifications
2023-02-27T03:00:00-GST-001,2023-02-27T03:00Z,"[{'observedTime': '2023-02-27T06:00Z', 'kpIndex': 6.0, 'source': 'NOAA'}, {'observedTime': '2023-02-27T09:00Z', 'kpIndex': 6.0, 'source': 'NOAA'}, {'observedTime': '2023-02-27T12:00Z', 'kpIndex': 7.0, 'source': 'NOAA'}, {'observedTime': '2023-02-27T15:00Z', 'kpIndex': 6.0, 'source': 'NOAA'}, {'observedTime': '2023-02-27T18:00Z', 'kpIndex': 6.0, 'source': 'NOAA'}, {'observedTime': '2023-02-27T21:00Z', 'kpIndex': 6.0, 'source': 'NOAA'}]",https://webtools.ccmc.gsfc.nasa.gov/DONKI/view/GST/23985/-1,"[{'activityID': '2023-02-24T20:36:00-CME-001'}, {'activityID': '2023-02-26T18:38:00-HSS-001'}, {'activityID': '2023-02-26T18:43:00-IPS-001'}, {'activityID': '2023-02-26T21:26:00-MPC-001'}, {'activityID': '2023-02-27T10:15:00-IPS-001'}]",2023-02-27T06:34Z,1,"[{'messageID': '20230227-AL-001', 'messageIssueTime': '2023-02-27T06:34Z', 'messageURL': 'https://webtools.ccmc.gsfc.nasa.gov/DONKI/view/Alert/23986/1'}, {'messageID': '20230227-AL-002', 'messageIssueTime': '2023-02-27T06:51Z', 'messageURL': 'https://webtools.ccmc.gsfc.nasa.gov/DONKI/view/Alert/23987/1'}, {'messageID': '20230227-AL-004', 'messageIssueTime': '2023-02-27T12:26Z', 'messageURL': 'https://webtools.ccmc.gsfc.nasa.gov/DONKI/view/Alert/23991/1'}]"
2023-03-23T12:00:00-GST-001,2023-03-23T12:00Z,"[{'observedTime': '2023-03-23T15:00Z', 'kpIndex': 7.0, 'source': 'NOAA'}, {'observedTime': '2023-03-23T21:00Z', 'kpIndex': 6.0, 'source': 'NOAA'}, {'observedTime': '2023-03-24T00:00Z', 'kpIndex': 7.0, 'source': 'NOAA'}, {'observedTime': '2023-03-24T03:00Z', 'kpIndex': 6.0, 'source': 'NOAA'}, {'observedTime': '2023-03-24T06:00Z', 'kpIndex': 8.0, 'source': 'NOAA'}, {'observedTime': '2023-03-24T09:00Z', 'kpIndex': 6.0, 'source': 'NOAA'}]",https://webtools.ccmc.gsfc.nasa.gov/DONKI/view/GST/24366/-1,"[{'activityID': '2023-03-20T02:41:00-CME-001'}, {'activityID': '2023-03-20T14:42:00-CME-001'}, {'activityID': '2023-03-23T09:10:00-IPS-001'}, {'activityID': '2023-03-23T14:52:00-MPC-001'}]",2023-03-23T15:33Z,1,"[{'messageID': '20230323-AL-004', 'messageIssueTime': '2023-03-23T15:33Z', 'messageURL': 'https://webtools.ccmc.gsfc.nasa.gov/DONKI/view/Alert/24367/1'}, {'messageID': '20230323-AL-005', 'messageIssueTime': '2023-03-23T15:44Z', 'messageURL': 'https://webtools.ccmc.gsfc.nasa.gov/DONKI/view/Alert/24368/1'}, {'messageID': '20230324-AL-001', 'messageIssueTime': '2023-03-24T12:14Z', 'messageURL': 'https://webtools.ccmc.gsfc.nasa.gov/DONKI/view/Alert/24370/1'}]"
2023-04-23T18:00:00-GST-001,2023-04-23T18:00Z,"[{'observedTime': '2023-04-23T21:00Z', 'kpIndex': 8.0, 'source': 'NOAA'}, {'observedTime': '2023-04-24T00:00Z', 'kpIndex': 7.0, 'source': 'NOAA'}, {'observedTime': '2023-04-24T03:00Z', 'kpIndex': 7.0, 'source': 'NOAA'}, {'observedTime': '2023-04-24T06:00Z', 'kpIndex': 8.0, 'source': 'NOAA'}, {'observedTime': '2023-04-24T09:00Z', 'kpIndex': 6.0, 'source': 'NOAA'}, {'observedTime': '2023-04-24T12:00Z', 'kpIndex': 6.0, 'source': 'NOAA'}]",https://webtools.ccmc.gsfc.nasa.gov/DONKI/view/GST/24772/-1,"[{'activityID': '2023-04-21T18:12:00-CME-001'}, {'activityID': '2023-04-23T17:00:00-IPS-001'}, {'activityID': '2023-04-23T19:15:00-MPC-001'}]",2023-04-23T21:33Z,1,"[{'messageID': '20230423-AL-011', 'messageIssueTime': '2023-04-23T21:33Z', 'messageURL': 'https://webtools.ccmc.gsfc.nasa.gov/DONKI/view/Alert/24773/1'}, {'messageID': '20230424-AL-001', 'messageIssueTime': '2023-04-24T11:40Z', 'messageURL': 'https://webtools.ccmc.gsfc.nasa.gov/DONKI/view/Alert/24774/1'}]"
2023-05-06T03:00:00-GST-001,2023-05-06T03:00Z,"[{'observedTime': '2023-05-06T06:00Z', 'kpIndex': 6.0, 'source': 'NOAA'}]",https://webtools.ccmc.gsfc.nasa.gov/DONKI/view/GST/24962/-1,[{'activityID': '2023-05-06T00:25:00-IPS-001'}],2023-05-06T06:33Z,1,"[{'messageID': '20230506-AL-001', 'messageIssueTime': '2023-05-06T06:33Z', 'messageURL': 'https://webtools.ccmc.gsfc.nasa.gov/DONKI/view/Alert/24963/1'}, {'messageID': '20230506-AL-003', 'messageIssueTime': '2023-05-06T12:26Z', 'messageURL': 'https://webtools.ccmc.gsfc.nasa.gov/DONKI/view/Alert/24966/1'}]"
2023-05-20T00:00:00-GST-001,2023-05-20T00:00Z,"[{'observedTime': '2023-05-20T03:00Z', 'kpIndex': 5.67, 'source': 'NOAA'}, {'observedTime': '2023-05-20T06:00Z', 'kpIndex': 5.67, 'source': 'NOAA'}]",https://webtools.ccmc.gsfc.nasa.gov/DONKI/view/GST/25253/-1,"[{'activityID': '2023-05-19T20:36:00-IPS-001'}, {'activityID': '2023-05-20T03:34:00-HSS-001'}]",2023-05-20T13:21Z,2,
2023-05-21T18:00:00-GST-001,2023-05-21T18:00Z,"[{'observedTime': '2023-05-21T21:00Z', 'kpIndex': 5.67, 'source': 'NOAA'}, {'observedTime': '2023-05-22T00:00Z', 'kpIndex': 6.0, 'source': 'NOAA'}]",https://webtools.ccmc.gsfc.nasa.gov/DONKI/view/GST/25292/-1,[{'activityID': '2023-05-21T14:20:00-IPS-001'}],2023-05-22T12:00Z,3,"[{'messageID': '20230522-AL-001', 'messageIssueTime': '2023-05-22T00:33Z', 'messageURL': 'https://webtools.ccmc.gsfc.nasa.gov/DONKI/view/Alert/25293/1'}]"
2023-06-15T21:00:00-GST-001,2023-06-15T21:00Z,"[{'observedTime': '2023-06-16T00:00Z', 'kpIndex': 5.67, 'source': 'NOAA'}, {'observedTime': '2023-06-16T06:00Z', 'kpIndex': 6.33, 'source': 'NOAA'}]",https://webtools.ccmc.gsfc.nasa.gov/DONKI/view/GST/25577/-1,"[{'activityID': '2023-06-15T05:46:00-IPS-001'}, {'activityID': '2023-06-15T09:15:00-HSS-001'}]",2023-06-16T00:33Z,1,"[{'messageID': '20230616-AL-001', 'messageIssueTime': '2023-06-16T00:33Z', 'messageURL': 'https://webtools.ccmc.gsfc.nasa.gov/DONKI/view/Alert/25578/1'}, {'messageID': '20230616-AL-002', 'messageIssueTime': '2023-06-16T06:34Z', 'messageURL': 'https://webtools.ccmc.gsfc.nasa.gov/DONKI/view/Alert/25579/1'}, {'messageID': '20230616-AL-003', 'messageIssueTime': '2023-06-16T14:26Z', 'messageURL': 'https://webtools.ccmc.gsfc.nasa.gov/DONKI/view/Alert/25585/1'}]"
2023-08-05T03:00:00-GST-001,2023-08-05T03:00Z,"[{'observedTime': '2023-08-05T06:00Z', 'kpIndex': 6.67, 'source': 'NOAA'}]",https://webtools.ccmc.gsfc.nasa.gov/DONKI/view/GST/26336/-1,"[{'activityID': '2023-08-02T09:12:00-CME-001'}, {'activityID': '2023-08-05T02:10:00-IPS-001'}]",2023-08-05T06:39Z,1,"[{'messageID': '20230805-AL-001', 'messageIssueTime': '2023-08-05T06:39Z', 'messageURL': 'https://webtools.ccmc.gsfc.nasa.gov/DONKI/view/Alert/26337/1'}, {'messageID': '20230805-AL-005', 'messageIssueTime': '2023-08-05T12:27Z', 'messageURL': 'https://webtools.ccmc.gsfc.nasa.gov/DONKI/view/Alert/26344/1'}]"
2023-09-03T00:00:00-GST-001,2023-09-03T00:00Z,"[{'observedTime': '2023-09-03T03:00Z', 'kpIndex': 5.67, 'source': 'NOAA'}]",https://webtools.ccmc.gsfc.nasa.gov/DONKI/view/GST/26745/-1,[{'activityID': '2023-09-01T18:00:00-HSS-001'}],2023-09-06T15:14Z,2,"[{'messageID': '20230903-AL-001', 'messageIssueTime': '2023-09-03T03:33Z', 'messageURL': 'https://webtools.ccmc.gsfc.nasa.gov/DONKI/view/Alert/26746/1'}, {'messageID': '20230903-AL-002', 'messageIssueTime': '2023-09-03T03:40Z', 'messageURL': 'https://webtools.ccmc.gsfc.nasa.gov/DONKI/view/Alert/26747/1'}]"
2023-09-12T15:00:00-GST-001,2023-09-12T15:00Z,"[{'observedTime': '2023-09-12T18:00Z', 'kpIndex': 5.67, 'source': 'NOAA'}]",https://webtools.ccmc.gsfc.nasa.gov/DONKI/view/GST/26894/-1,"[{'activityID': '2023-09-12T10:18:00-IPS-001'}, {'activityID': '2023-09-12T13:46:00-MPC-001'}]",2023-09-12T18:33Z,1,"[{'messageID': '20230912-AL-005', 'messageIssueTime': '2023-09-12T18:33Z', 'messageURL': 'https://webtools.ccmc.gsfc.nasa.gov/DONKI/view/Alert/26895/1'}, {'messageID': '20230912-AL-006', 'messageIssueTime': '2023-09-12T18:54Z', 'messageURL': 'https://webtools.ccmc.gsfc.nasa.gov/DONKI/view/Alert/26896/1'}]"
2023-09-19T00:00:00-GST-001,2023-09-19T00:00Z,"[{'observedTime': '2023-09-19T03:00Z', 'kpIndex': 5.67, 'source': 'NOAA'}, {'observedTime': '2023-09-19T06:00Z', 'kpIndex': 6.67, 'source': 'NOAA'}]",https://webtools.ccmc.gsfc.nasa.gov/DONKI/view/GST/26987/-1,"[{'activityID': '2023-09-14T23:12:00-CME-001'}, {'activityID': '2023-09-16T09:12:00-CME-001'}, {'activityID': '2023-09-18T12:58:00-IPS-001'}, {'activityID': '2023-09-18T17:54:00-MPC-001'}]",2023-09-19T03:33Z,1,"[{'messageID': '20230919-AL-001', 'messageIssueTime': '2023-09-19T03:33Z', 'messageURL': 'https://webtools.ccmc.gsfc.nasa.gov/DONKI/view/Alert/26988/1'}, {'messageID': '20230919-AL-002', 'messageIssueTime': '2023-09-19T06:33Z', 'messageURL': 'https://webtools.ccmc.gsfc.nasa.gov/DONKI/view/Alert/26989/1'}, {'messageID': '20230919-AL-003', 'messageIssueTime': '2023-09-19T13:36Z', 'messageURL': 'https://webtools.ccmc.gsfc.nasa.gov/DONKI/view/Alert/26992/1'}]"
2023-09-24T18:00:00-GST-001,2023-09-24T18:00Z,"[{'observedTime': '2023-09-24T21:00Z', 'kpIndex': 5.67, 'source': 'NOAA'}, {'observedTime': '2023-09-25T00:00Z', 'kpIndex': 5.67, 'source': 'NOAA'}]",https://webtools.ccmc.gsfc.nasa.gov/DONKI/view/GST/27105/-1,"[{'activityID': '2023-09-24T19:52:00-IPS-001'}, {'activityID': '2023-09-24T22:30:00-MPC-001'}]",2023-09-24T21:32Z,1,"[{'messageID': '20230924-AL-003', 'messageIssueTime': '2023-09-24T21:32Z', 'messageURL': 'https://webtools.ccmc.gsfc.nasa.gov/DONKI/view/Alert/27106/1'}, {'messageID': '20230924-AL-004', 'messageIssueTime': '2023-09-24T21:43Z', 'messageURL': 'https://webtools.ccmc.gsfc.nasa.gov/DONKI/view/Alert/27107/1'}, {'messageID': '20230925-AL-001', 'messageIssueTime': '2023-09-25T00:34Z', 'messageURL': 'https://webtools.ccmc.gsfc.nasa.gov/DONKI/view/Alert/27111/1'}]"
2023-11-05T09:00:00-GST-001,2023-11-05T09:00Z,"[{'observedTime': '2023-11-05T12:00Z', 'kpIndex': 6.0, 'source': 'NOAA'}, {'observedTime': '2023-11-05T15:00Z', 'kpIndex': 6.0, 'source': 'NOAA'}, {'observedTime': '2023-11-05T18:00Z', 'kpIndex': 7.0, 'source': 'NOAA'}, {'observedTime': '2023-11-05T21:00Z', 'kpIndex': 6.33, 'source': 'NOAA'}, {'observedTime': '2023-11-06T06:00Z', 'kpIndex': 5.67, 'source': 'NOAA'}]",https://webtools.ccmc.gsfc.nasa.gov/DONKI/view/GST/27600/-1,"[{'activityID': '2023-11-02T03:36:00-CME-001'}, {'activityID': '2023-11-03T05:48:00-CME-001'}, {'activityID': '2023-11-05T08:10:00-IPS-001'}, {'activityID': '2023-11-05T10:34:00-MPC-001'}, {'activityID': '2023-11-05T11:45:00-IPS-001'}, {'activityID': '2023-11-05T14:52:00-MPC-001'}]",2023-11-06T17:27Z,2,"[{'messageID': '20231105-AL-002', 'messageIssueTime': '2023-11-05T12:33Z', 'messageURL': 'https://webtools.ccmc.gsfc.nasa.gov/DONKI/view/Alert/27601/1'}, {'messageID': '20231105-AL-005', 'messageIssueTime': '2023-11-05T13:44Z', 'messageURL': 'https://webtools.ccmc.gsfc.nasa.gov/DONKI/view/Alert/27605/1'}, {'messageID': '20231105-AL-007', 'messageIssueTime': '2023-11-05T18:21Z', 'messageURL': 'https://webtools.ccmc.gsfc.nasa.gov/DONKI/view/Alert/27614/1'}, {'messageID': '20231105-AL-008', 'messageIssueTime': '2023-11-05T18:32Z', 'messageURL': 'https://webtools.ccmc.gsfc.nasa.gov/DONKI/view/Alert/27615/1'}]"
2023-11-25T18:00:00-GST-001,2023-11-25T18:00Z,"[{'observedTime': '2023-11-25T21:00Z', 'kpIndex': 6.0, 'source': 'NOAA'}]",https://webtools.ccmc.gsfc.nasa.gov/DONKI/view/GST/27882/-1,"[{'activityID': '2023-11-22T21:36:00-CME-001'}, {'activityID': '2023-11-24T18:50:00-IPS-001'}, {'activityID': '2023-11-24T18:50:00-HSS-001'}, {'activityID': '2023-11-25T07:59:00-IPS-001'}, {'activityID': '2023-11-25T09:28:00-MPC-001'}]",2023-11-29T15:14Z,2,"[{'messageID': '20231125-AL-005', 'messageIssueTime': '2023-11-25T21:35Z', 'messageURL': 'https://webtools.ccmc.gsfc.nasa.gov/DONKI/view/Alert/27883/1'}, {'messageID': '20231125-AL-006', 'messageIssueTime': '2023-11-25T21:50Z', 'messageURL': 'https://webtools.ccmc.gsfc.nasa.gov/DONKI/view/Alert/27884/1'}]"
2023-12-01T09:00:00-GST-001,2023-12-01T09:00Z,"[{'observedTime': '2023-12-01T12:00Z', 'kpIndex': 7.0, 'source': 'NOAA'}, {'observedTime': '2023-12-01T15:00Z', 'kpIndex': 6.33, 'source': 'NOAA'}]",https://webtools.ccmc.gsfc.nasa.gov/DONKI/view/GST/27948/-1,"[{'activityID': '2023-11-28T20:24:00-CME-001'}, {'activityID': '2023-11-28T20:48:00-CME-001'}, {'activityID': '2023-12-01T08:48:00-IPS-001'}, {'activityID': '2023-12-01T11:04:00-MPC-001'}]",2023-12-01T12:33Z,1,"[{'messageID': '20231201-AL-003', 'messageIssueTime': '2023-12-01T12:33Z', 'messageURL': 'https://webtools.ccmc.gsfc.nasa.gov/DONKI/view/Alert/27949/1'}, {'messageID': '20231201-AL-006', 'messageIssueTime': '2023-12-01T12:57Z', 'messageURL': 'https://webtools.ccmc.gsfc.nasa.gov/DONKI/view/Alert/27952/1'}]"
2023-12-18T06:00:00-GST-001,2023-12-18T06:00Z,"[{'observedTime': '2023-12-18T09:00Z', 'kpIndex': 6.0, 'source': 'NOAA'}]",https://webtools.ccmc.gsfc.nasa.gov/DONKI/view/GST/28236/-1,"[{'activityID': '2023-12-14T17:38:00-CME-001'}, {'activityID': '2023-12-17T07:32:00-IPS-001'}, {'activityID': '2023-12-17T10:54:00-MPC-001'}]",2023-12-18T09:34Z,1,"[{'messageID': '20231218-AL-001', 'messageIssueTime': '2023-12-18T09:34Z', 'messageURL': 'https://webtools.ccmc.gsfc.nasa.gov/DONKI/view/Alert/28237/1'}, {'messageID': '20231218-AL-002', 'messageIssueTime': '2023-12-18T12:51Z', 'messageURL': 'https://webtools.ccmc.gsfc.nasa.gov/DONKI/view/Alert/28238/1'}]"
2024-03-03T18:00:00-GST-001,2024-03-03T18:00Z,"[{'observedTime': '2024-03-03T21:00Z', 'kpIndex': 5.67, 'source': 'NOAA'}]",https://webtools.ccmc.gsfc.nasa.gov/DONKI/view/GST/29440/-1,"[{'activityID': '2024-02-28T17:48:00-CME-001'}, {'activityID': '2024-03-03T08:47:00-IPS-001'}]",2024-03-03T21:35Z,1,"[{'messageID': '20240303-AL-003', 'messageIssueTime': '2024-03-03T21:35Z', 'messageURL': 'https://webtools.ccmc.gsfc.nasa.gov/DONKI/view/Alert/29441/1'}, {'messageID': '20240303-AL-004', 'messageIssueTime': '2024-03-03T21:40Z', 'messageURL': 'https://webtools.ccmc.gsfc.nasa.gov/DONKI/view/Alert/29442/1'}]"
2024-03-23T21:00:00-GST-001,2024-03-23T21:00Z,"[{'observedTime': '2024-03-24T00:00Z', 'kpIndex': 5.67, 'source': 'NOAA'}]",https://webtools.ccmc.gsfc.nasa.gov/DONKI/view/GST/29751/-1,"[{'activityID': '2024-03-23T12:49:00-IPS-001'}, {'activityID': '2024-03-23T15:35:00-HSS-001'}]",2024-03-24T00:33Z,1,"[{'messageID': '20240324-AL-001', 'messageIssueTime': '2024-03-24T00:33Z', 'messageURL': 'https://webtools.ccmc.gsfc.nasa.gov/DONKI/view/Alert/29752/1'}, {'messageID': '20240324-AL-004', 'messageIssueTime': '2024-03-24T13:54Z', 'messageURL': 'https://webtools.ccmc.gsfc.nasa.gov/DONKI/view/Alert/29763/1'}]"
2024-03-24T12:00:00-GST-001,2024-03-24T12:00Z,"[{'observedTime': '2024-03-24T15:00Z', 'kpIndex': 6.0, 'source': 'NOAA'}, {'observedTime': '2024-03-24T15:00Z', 'kpIndex': 6.0, 'source': 'NOAA'}, {'observedTime': '2024-03-24T18:00Z', 'kpIndex': 8.0, 'source': 'NOAA'}, {'observedTime': '2024-03-24T21:00Z', 'kpIndex': 6.33, 'source': 'NOAA'}]",https://webtools.ccmc.gsfc.nasa.gov/DONKI/view/GST/29769/-1,"[{'activityID': '2024-03-23T01:25:00-CME-001'}, {'activityID': '2024-03-23T01:48:00-CME-001'}, {'activityID': '2024-03-24T14:10:00-IPS-001'}, {'activityID': '2024-03-24T16:25:00-MPC-001'}]",2024-03-24T15:31Z,1,"[{'messageID': '20240324-AL-007', 'messageIssueTime': '2024-03-24T16:01Z', 'messageURL': 'https://webtools.ccmc.gsfc.nasa.gov/DONKI/view/Alert/29772/1'}, {'messageID': '20240324-AL-009', 'messageIssueTime': '2024-03-24T18:35Z', 'messageURL': 'https://webtools.ccmc.gsfc.nasa.gov/DONKI/view/Alert/29775/1'}, {'messageID': '20240324-AL-010', 'messageIssueTime': '2024-03-24T18:43Z', 'messageURL': 'https://webtools.ccmc.gsfc.nasa.gov/DONKI/view/Alert/29777/1'}]"
2024-04-19T18:00:00-GST-001,2024-04-19T18:00Z,"[{'observedTime': '2024-04-19T21:00Z', 'kpIndex': 7.0, 'source': 'NOAA'}]",https://webtools.ccmc.gsfc.nasa.gov/DONKI/view/GST/30153/-1,"[{'activityID': '2024-04-15T06:48:00-CME-001'}, {'activityID': '2024-04-19T04:53:00-IPS-001'}]",2024-04-19T21:40Z,1,"[{'messageID': '20240419-AL-002', 'messageIssueTime': '2024-04-19T21:40Z', 'messageURL': 'https://webtools.ccmc.gsfc.nasa.gov/DONKI/view/Alert/30154/1'}, {'messageID': '20240420-AL-001', 'messageIssueTime': '2024-04-20T12:25Z', 'messageURL': 'https://webtools.ccmc.gsfc.nasa.gov/DONKI/view/Alert/30157/1'}]"
2024-05-02T15:00:00-GST-001,2024-05-02T15:00Z,"[{'observedTime': '2024-05-02T18:00Z', 'kpIndex': 6.67, 'source': 'NOAA'}, {'observedTime': '2024-05-02T21:00Z', 'kpIndex': 6.67, 'source': 'NOAA'}]",https://webtools.ccmc.gsfc.nasa.gov/DONKI/view/GST/30399/-1,"[{'activityID': '2024-05-02T07:46:00-IPS-001'}, {'activityID': '2024-05-02T15:49:00-MPC-001'}]",2024-05-02T18:44Z,1,"[{'messageID': '20240502-AL-004', 'messageIssueTime': '2024-05-02T18:44Z', 'messageURL': 'https://webtools.ccmc.gsfc.nasa.gov/DONKI/view/Alert/30400/1'}, {'messageID': '20240502-AL-005', 'messageIssueTime': '2024-05-02T18:50Z', 'messageURL': 'https://webtools.ccmc.gsfc.nasa.gov/DONKI/view/Alert/30401/1'}, {'messageID': '20240502-AL-006', 'messageIssueTime': '2024-05-02T21:34Z', 'messageURL': 'https://webtools.ccmc.gsfc.nasa.gov/DONKI/view/Alert/30402/1'}]"
2024-05-10T15:00:00-GST-001,2024-05-10T15:00Z,"[{'observedTime': '2024-05-10T18:00Z', 'kpIndex': 7.67, 'source': 'NOAA'}, {'observedTime': '2024-05-10T21:00Z', 'kpIndex': 8.67, 'source': 'NOAA'}, {'observedTime': '2024-05-11T00:00Z', 'kpIndex': 9.0, 'source': 'NOAA'}, {'observedTime': '2024-05-11T03:00Z', 'kpIndex': 9.0, 'source': 'NOAA'}, {'observedTime': '2024-05-11T06:00Z', 'kpIndex': 8.33, 'source': 'NOAA'}, {'observedTime': '2024-05-11T09:00Z', 'kpIndex': 8.67, 'source': 'NOAA'}, {'observedTime': '2024-05-11T12:00Z', 'kpIndex': 9.0, 'source': 'NOAA'}, {'observedTime': '2024-05-11T15:00Z', 'kpIndex': 8.67, 'source': 'NOAA'}, {'observedTime': '2024-05-11T18:00Z', 'kpIndex': 8.33, 'source': 'NOAA'}, {'observedTime': '2024-05-11T21:00Z', 'kpIndex': 7.33, 'source': 'NOAA'}, {'observedTime': '2024-05-12T00:00Z', 'kpIndex': 7.33, 'source': 'NOAA'}, {'observedTime': '2024-05-12T03:00Z', 'kpIndex': 6.67, 'source': 'NOAA'}, {'observedTime': '2024-05-12T06:00Z', 'kpIndex': 7.0, 'source': 'NOAA'}]",https://webtools.ccmc.gsfc.nasa.gov/DONKI/view/GST/30693/-1,"[{'activityID': '2024-05-08T05:36:00-CME-001'}, {'activityID': '2024-05-08T12:24:00-CME-001'}, {'activityID': '2024-05-08T19:12:00-CME-001'}, {'activityID': '2024-05-08T22:24:00-CME-001'}, {'activityID': '2024-05-09T09:24:00-CME-001'}, {'activityID': '2024-05-10T16:36:00-IPS-001'}]",2024-05-10T18:44Z,1,"[{'messageID': '20240510-AL-013', 'messageIssueTime': '2024-05-10T18:44Z', 'messageURL': 'https://webtools.ccmc.gsfc.nasa.gov/DONKI/view/Alert/30694/1'}, {'messageID': '20240510-AL-014', 'messageIssueTime': '2024-05-10T19:19Z', 'messageURL': 'https://webtools.ccmc.gsfc.nasa.gov/DONKI/view/Alert/30695/1'}, {'messageID': '20240510-AL-015', 'messageIssueTime': '2024-05-10T21:35Z', 'messageURL': 'https://webtools.ccmc.gsfc.nasa.gov/DONKI/view/Alert/30702/1'}, {'messageID': '20240510-AL-016', 'messageIssueTime': '2024-05-10T22:01Z', 'messageURL': 'https://webtools.ccmc.gsfc.nasa.gov/DONKI/view/Alert/30703/1'}, {'messageID': '20240511-AL-002', 'messageIssueTime': '2024-05-11T00:34Z', 'messageURL': 'https://webtools.ccmc.gsfc.nasa.gov/DONKI/view/Alert/30707/1'}, {'messageID': '20240511-AL-003', 'messageIssueTime': '2024-05-11T00:39Z', 'messageURL': 'https://webtools.ccmc.gsfc.nasa.gov/DONKI/view/Alert/30708/1'}, {'messageID': '20240511-AL-015', 'messageIssueTime': '2024-05-11T15:14Z', 'messageURL': 'https://webtools.ccmc.gsfc.nasa.gov/DONKI/view/Alert/30731/1'}]"
2024-05-12T21:00:00-GST-001,2024-05-12T21:00Z,"[{'observedTime': '2024-05-13T00:00Z', 'kpIndex': 6.33, 'source': 'NOAA'}, {'observedTime': '2024-05-13T03:00Z', 'kpIndex': 5.67, 'source': 'NOAA'}, {'observedTime': '2024-05-13T06:00Z', 'kpIndex': 6.0, 'source': 'NOAA'}]",https://webtools.ccmc.gsfc.nasa.gov/DONKI/view/GST/30798/-1,"[{'activityID': '2024-05-10T07:12:00-CME-001'}, {'activityID': '2024-05-12T08:55:00-IPS-001'}]",2024-05-13T00:34Z,1,"[{'messageID': '20240513-AL-001', 'messageIssueTime': '2024-05-13T00:34Z', 'messageURL': 'https://webtools.ccmc.gsfc.nasa.gov/DONKI/view/Alert/30799/1'}, {'messageID': '20240513-AL-002', 'messageIssueTime': '2024-05-13T00:53Z', 'messageURL': 'https://webtools.ccmc.gsfc.nasa.gov/DONKI/view/Alert/30800/1'}]"
2024-05-16T06:00:00-GST-001,2024-05-16T06:00Z,"[{'observedTime': '2024-05-16T09:00Z', 'kpIndex': 6.0, 'source': 'NOAA'}]",https://webtools.ccmc.gsfc.nasa.gov/DONKI/view/GST/30929/-1,[{'activityID': '2024-05-16T04:35:00-IPS-001'}],2024-05-16T09:35Z,1,"[{'messageID': '20240516-AL-002', 'messageIssueTime': '2024-05-16T09:35Z', 'messageURL': 'https://webtools.ccmc.gsfc.nasa.gov/DONKI/view/Alert/30930/1'}, {'messageID': '20240516-AL-004', 'messageIssueTime': '2024-05-16T12:53Z', 'messageURL': 'https://webtools.ccmc.gsfc.nasa.gov/DONKI/view/Alert/30934/1'}]"
2024-05-17T18:00:00-GST-001,2024-05-17T18:00Z,"[{'observedTime': '2024-05-17T21:00Z', 'kpIndex': 6.0, 'source': 'NOAA'}]",https://webtools.ccmc.gsfc.nasa.gov/DONKI/view/GST/30993/-1,"[{'activityID': '2024-05-14T10:36:00-CME-001'}, {'activityID': '2024-05-17T12:40:00-IPS-001'}]",2024-05-17T21:33Z,1,"[{'messageID': '20240517-AL-006', 'messageIssueTime': '2024-05-17T21:33Z', 'messageURL': 'https://webtools.ccmc.gsfc.nasa.gov/DONKI/view/Alert/30994/1'}]"
2024-06-07T12:00:00-GST-001,2024-06-07T12:00Z,"[{'observedTime': '2024-06-07T15:00Z', 'kpIndex': 6.0, 'source': 'NOAA'}, {'observedTime': '2024-06-07T18:00Z', 'kpIndex': 5.67, 'source': 'NOAA'}]",https://webtools.ccmc.gsfc.nasa.gov/DONKI/view/GST/31327/-1,[{'activityID': '2024-06-07T10:49:00-IPS-001'}],2024-06-07T15:33Z,1,"[{'messageID': '20240607-AL-002', 'messageIssueTime': '2024-06-07T15:33Z', 'messageURL': 'https://webtools.ccmc.gsfc.nasa.gov/DONKI/view/Alert/31328/1'}, {'messageID': '20240607-AL-003', 'messageIssueTime': '2024-06-07T15:46Z', 'messageURL': 'https://webtools.ccmc.gsfc.nasa.gov/DONKI/view/Alert/31329/1'}]"
2024-06-28T09:00:00-GST-001,2024-06-28T09:00Z,"[{'observedTime': '2024-06-28T12:00Z', 'kpIndex': 6.0, 'source': 'NOAA'}, {'observedTime': '2024-06-28T15:00Z', 'kpIndex': 7.67, 'source': 'NOAA'}]",https://webtools.ccmc.gsfc.nasa.gov/DONKI/view/GST/31728/-1,"[{'activityID': '2024-06-25T05:00:00-CME-001'}, {'activityID': '2024-06-28T09:09:00-IPS-001'}, {'activityID': '2024-06-28T17:07:00-MPC-001'}]",2024-06-28T12:38Z,1,"[{'messageID': '20240628-AL-002', 'messageIssueTime': '2024-06-28T12:38Z', 'messageURL': 'https://webtools.ccmc.gsfc.nasa.gov/DONKI/view/Alert/31729/1'}, {'messageID': '20240628-AL-003', 'messageIssueTime': '2024-06-28T12:43Z', 'messageURL': 'https://webtools.ccmc.gsfc.nasa.gov/DONKI/view/Alert/31730/1'}, {'messageID': '20240628-AL-004', 'messageIssueTime': '2024-06-28T15:34Z', 'messageURL': 'https://webtools.ccmc.gsfc.nasa.gov/DONKI/view/Alert/31732/1'}, {'messageID': '20240628-AL-005', 'messageIssueTime': '2024-06-28T15:38Z', 'messageURL': 'https://webtools.ccmc.gsfc.nasa.gov/DONKI/view/Alert/31733/1'}]"
2024-08-04T12:00:00-GST-001,2024-08-04T12:00Z,"[{'observedTime': '2024-08-04T15:00Z', 'kpIndex': 6.67, 'source': 'NOAA'}, {'observedTime': '2024-08-04T18:00Z', 'kpIndex': 6.33, 'source': 'NOAA'}]",https://webtools.ccmc.gsfc.nasa.gov/DONKI/view/GST/32519/-1,"[{'activityID': '2024-07-31T18:36:00-CME-001'}, {'activityID': '2024-08-01T07:24:00-CME-001'}, {'activityID': '2024-08-04T13:21:00-IPS-001'}, {'activityID': '2024-08-04T14:55:00-MPC-001'}]",2024-08-04T15:35Z,1,"[{'messageID': '20240804-AL-004', 'messageIssueTime': '2024-08-04T15:35Z', 'messageURL': 'https://webtools.ccmc.gsfc.nasa.gov/DONKI/view/Alert/32520/1'}, {'messageID': '20240804-AL-005', 'messageIssueTime': '2024-08-04T15:45Z', 'messageURL': 'https://webtools.ccmc.gsfc.nasa.gov/DONKI/view/Alert/32521/1'}, {'messageID': '20240804-AL-006', 'messageIssueTime': '2024-08-04T18:33Z', 'messageURL': 'https://webtools.ccmc.gsfc.nasa.gov/DONKI/view/Alert/32527/1'}]"
2024-08-12T00:00:00-GST-001,2024-08-12T00:00Z,"[{'observedTime': '2024-08-12T03:00Z', 'kpIndex': 6.33, 'source': 'NOAA'}, {'observedTime': '2024-08-12T06:00Z', 'kpIndex': 7.0, 'source': 'NOAA'}, {'observedTime': '2024-08-12T09:00Z', 'kpIndex': 7.0, 'source': 'NOAA'}, {'observedTime': '2024-08-12T12:00Z', 'kpIndex': 6.67, 'source': 'NOAA'}, {'observedTime': '2024-08-12T15:00Z', 'kpIndex': 8.0, 'source': 'NOAA'}, {'observedTime': '2024-08-12T18:00Z', 'kpIndex': 7.33, 'source': 'NOAA'}, {'observedTime': '2024-08-12T21:00Z', 'kpIndex': 5.67, 'source': 'NOAA'}, {'observedTime': '2024-08-13T00:00Z', 'kpIndex': 6.0, 'source': 'NOAA'}]",https://webtools.ccmc.gsfc.nasa.gov/DONKI/view/GST/32722/-1,"[{'activityID': '2024-08-08T05:30:00-CME-001'}, {'activityID': '2024-08-08T20:00:00-CME-001'}, {'activityID': '2024-08-11T12:00:00-IPS-001'}, {'activityID': '2024-08-11T21:31:00-MPC-001'}, {'activityID': '2024-08-12T00:31:00-MPC-001'}, {'activityID': '2024-08-12T07:44:00-IPS-001'}]",2024-08-12T03:42Z,1,"[{'messageID': '20240812-AL-002', 'messageIssueTime': '2024-08-12T03:42Z', 'messageURL': 'https://webtools.ccmc.gsfc.nasa.gov/DONKI/view/Alert/32723/1'}, {'messageID': '20240812-AL-003', 'messageIssueTime': '2024-08-12T06:32Z', 'messageURL': 'https://webtools.ccmc.gsfc.nasa.gov/DONKI/view/Alert/32724/1'}, {'messageID': '20240812-AL-004', 'messageIssueTime': '2024-08-12T13:08Z', 'messageURL': 'https://webtools.ccmc.gsfc.nasa.gov/DONKI/view/Alert/32729/1'}, {'messageID': '20240812-AL-005', 'messageIssueTime': '2024-08-12T15:32Z', 'messageURL': 'https://webtools.ccmc.gsfc.nasa.gov/DONKI/view/Alert/32732/1'}, {'messageID': '20240812-AL-006', 'messageIssueTime': '2024-08-12T15:35Z', 'messageURL': 'https://webtools.ccmc.gsfc.nasa.gov/DONKI/view/Alert/32733/1'}]"
2024-08-17T15:00:00-GST-001,2024-08-17T15:00Z,"[{'observedTime': '2024-08-17T18:00Z', 'kpIndex': 6.67, 'source': 'NOAA'}]",https://webtools.ccmc.gsfc.nasa.gov/DONKI/view/GST/32864/-1,"[{'activityID': '2024-08-14T08:23:00-CME-001'}, {'activityID': '2024-08-17T13:29:00-IPS-001'}, {'activityID': '2024-08-17T18:05:00-MPC-001'}]",2024-08-17T18:33Z,1,"[{'messageID': '20240817-AL-004', 'messageIssueTime': '2024-08-17T18:33Z', 'messageURL': 'https://webtools.ccmc.gsfc.nasa.gov/DONKI/view/Alert/32865/1'}, {'messageID': '20240817-AL-005', 'messageIssueTime': '2024-08-17T18:39Z', 'messageURL': 'https://webtools.ccmc.gsfc.nasa.gov/DONKI/view/Alert/32866/1'}]"
2024-08-28T00:00:00-GST-001,2024-08-28T00:00Z,"[{'observedTime': '2024-08-28T03:00Z', 'kpIndex': 5.67, 'source': 'NOAA'}]",https://webtools.ccmc.gsfc.nasa.gov/DONKI/view/GST/33032/-1,"[{'activityID': '2024-08-23T02:00:00-CME-001'}, {'activityID': '2024-08-27T07:33:00-IPS-001'}]",2024-08-28T03:35Z,1,"[{'messageID': '20240828-AL-001', 'messageIssueTime': '2024-08-28T03:35Z', 'messageURL': 'https://webtools.ccmc.gsfc.nasa.gov/DONKI/view/Alert/33033/1'}, {'messageID': '20240828-AL-002', 'messageIssueTime': '2024-08-28T11:45Z', 'messageURL': 'https://webtools.ccmc.gsfc.nasa.gov/DONKI/view/Alert/33034/1'}]"
2024-09-12T09:00:00-GST-001,2024-09-12T09:00Z,"[{'observedTime': '2024-09-12T12:00Z', 'kpIndex': 5.67, 'source': 'NOAA'}, {'observedTime': '2024-09-12T15:00Z', 'kpIndex': 7.0, 'source': 'NOAA'}, {'observedTime': '2024-09-12T18:00Z', 'kpIndex': 6.33, 'source': 'NOAA'}, {'observedTime': '2024-09-12T21:00Z', 'kpIndex': 6.67, 'source': 'NOAA'}]",https://webtools.ccmc.gsfc.nasa.gov/DONKI/view/GST/33346/-1,"[{'activityID': '2024-09-10T00:23:00-CME-001'}, {'activityID': '2024-09-12T02:53:00-IPS-001'}, {'activityID': '2024-09-12T18:40:00-MPC-001'}]",2024-09-12T12:34Z,1,"[{'messageID': '20240912-AL-005', 'messageIssueTime': '2024-09-12T12:34Z', 'messageURL': 'https://webtools.ccmc.gsfc.nasa.gov/DONKI/view/Alert/33347/1'}, {'messageID': '20240912-AL-007', 'messageIssueTime': '2024-09-12T12:57Z', 'messageURL': 'https://webtools.ccmc.gsfc.nasa.gov/DONKI/view/Alert/33349/1'}, {'messageID': '20240912-AL-010', 'messageIssueTime': '2024-09-12T15:36Z', 'messageURL': 'https://webtools.ccmc.gsfc.nasa.gov/DONKI/view/Alert/33354/1'}, {'messageID': '20240912-AL-011', 'messageIssueTime': '2024-09-12T15:48Z', 'messageURL': 'https://webtools.ccmc.gsfc.nasa.gov/DONKI/view/Alert/33356/1'}]"
2024-09-13T21:00:00-GST-001,2024-09-13T21:00Z,"[{'observedTime': '2024-09-14T00:00Z', 'kpIndex': 6.0, 'source': 'NOAA'}]",https://webtools.ccmc.gsfc.nasa.gov/DONKI/view/GST/33413/-1,"[{'activityID': '2024-09-11T02:23:00-CME-001'}, {'activityID': '2024-09-13T18:05:00-IPS-001'}]",2024-09-14T00:34Z,1,"[{'messageID': '20240914-AL-001', 'messageIssueTime': '2024-09-14T00:34Z', 'messageURL': 'https://webtools.ccmc.gsfc.nasa.gov/DONKI/view/Alert/33414/1'}, {'messageID': '20240914-AL-002', 'messageIssueTime': '2024-09-14T00:44Z', 'messageURL': 'https://webtools.ccmc.gsfc.nasa.gov/DONKI/view/Alert/33415/1'}]"
2024-09-17T00:00:00-GST-001,2024-09-17T00:00Z,"[{'observedTime': '2024-09-17T03:00Z', 'kpIndex': 7.67, 'source': 'NOAA'}, {'observedTime': '2024-09-17T06:00Z', 'kpIndex': 6.67, 'source': 'NOAA'}, {'observedTime': '2024-09-17T12:00Z', 'kpIndex': 6.0, 'source': 'NOAA'}, {'observedTime': '2024-09-17T15:00Z', 'kpIndex': 5.67, 'source': 'NOAA'}]",https://webtools.ccmc.gsfc.nasa.gov/DONKI/view/GST/33465/-1,"[{'activityID': '2024-09-14T15:36:00-CME-001'}, {'activityID': '2024-09-16T22:49:00-IPS-001'}]",2024-09-17T03:35Z,1,"[{'messageID': '20240917-AL-001', 'messageIssueTime': '2024-09-17T03:35Z', 'messageURL': 'https://webtools.ccmc.gsfc.nasa.gov/DONKI/view/Alert/33466/1'}, {'messageID': '20240917-AL-005', 'messageIssueTime': '2024-09-17T13:36Z', 'messageURL': 'https://webtools.ccmc.gsfc.nasa.gov/DONKI/view/Alert/33475/1'}]"
2024-10-07T12:00:00-GST-001,2024-10-07T12:00Z,"[{'observedTime': '2024-10-07T15:00Z', 'kpIndex': 6.33, 'source': 'NOAA'}, {'observedTime': '2024-10-07T21:00Z', 'kpIndex': 6.33, 'source': 'NOAA'}, {'observedTime': '2024-10-08T03:00Z', 'kpIndex': 6.67, 'source': 'NOAA'}, {'observedTime': '2024-10-08T06:00Z', 'kpIndex': 7.33, 'source': 'NOAA'}, {'observedTime': '2024-10-08T09:00Z', 'kpIndex': 5.67, 'source': 'NOAA'}]",https://webtools.ccmc.gsfc.nasa.gov/DONKI/view/GST/33817/-1,"[{'activityID': '2024-10-03T12:48:00-CME-001'}, {'activityID': '2024-10-06T06:55:00-IPS-001'}, {'activityID': '2024-10-07T22:12:00-IPS-001'}]",2024-10-07T15:34Z,1,"[{'messageID': '20241007-AL-001', 'messageIssueTime': '2024-10-07T15:34Z', 'messageURL': 'https://webtools.ccmc.gsfc.nasa.gov/DONKI/view/Alert/33818/1'}, {'messageID': '20241007-AL-002', 'messageIssueTime': '2024-10-07T15:42Z', 'messageURL': 'https://webtools.ccmc.gsfc.nasa.gov/DONKI/view/Alert/33819/1'}, {'messageID': '20241008-AL-002', 'messageIssueTime': '2024-10-08T03:34Z', 'messageURL': 'https://webtools.ccmc.gsfc.nasa.gov/DONKI/view/Alert/33839/1'}, {'messageID': '20241008-AL-003', 'messageIssueTime': '2024-10-08T06:34Z', 'messageURL': 'https://webtools.ccmc.gsfc.nasa.gov/DONKI/view/Alert/33840/1'}, {'messageID': '20241008-AL-004', 'messageIssueTime': '2024-10-08T12:19Z', 'messageURL': 'https://webtools.ccmc.gsfc.nasa.gov/DONKI/view/Alert/33842/1'}, {'messageID': '20241008-AL-005', 'messageIssueTime': '2024-10-08T12:21Z', 'messageURL': 'https://webtools.ccmc.gsfc.nasa.gov/DONKI/view/Alert/33843/1'}]"
2024-10-10T15:00:00-GST-001,2024-10-10T15:00Z,"[{'observedTime': '2024-10-10T18:00Z', 'kpIndex': 7.67, 'source': 'NOAA'}, {'observedTime': '2024-10-10T21:00Z', 'kpIndex': 8.33, 'source': 'NOAA'}, {'observedTime': '2024-10-11T00:00Z', 'kpIndex': 8.67, 'source': 'NOAA'}, {'observedTime': '2024-10-11T03:00Z', 'kpIndex': 8.0, 'source': 'NOAA'}, {'observedTime': '2024-10-11T06:00Z', 'kpIndex': 7.67, 'source': 'NOAA'}, {'observedTime': '2024-10-11T09:00Z', 'kpIndex': 8.0, 'source': 'NOAA'}, {'observedTime': '2024-10-11T12:00Z', 'kpIndex': 7.33, 'source': 'NOAA'}, {'observedTime': '2024-10-11T15:00Z', 'kpIndex': 6.67, 'source': 'NOAA'}]",https://webtools.ccmc.gsfc.nasa.gov/DONKI/view/GST/33913/-1,"[{'activityID': '2024-10-09T02:12:00-CME-001'}, {'activityID': '2024-10-10T14:46:00-IPS-001'}, {'activityID': '2024-10-10T17:13:00-MPC-001'}]",2024-10-10T18:32Z,1,"[{'messageID': '20241010-AL-005', 'messageIssueTime': '2024-10-10T18:32Z', 'messageURL': 'https://webtools.ccmc.gsfc.nasa.gov/DONKI/view/Alert/33914/1'}, {'messageID': '20241010-AL-006', 'messageIssueTime': '2024-10-10T18:50Z', 'messageURL': 'https://webtools.ccmc.gsfc.nasa.gov/DONKI/view/Alert/33915/1'}, {'messageID': '20241010-AL-007', 'messageIssueTime': '2024-10-10T21:32Z', 'messageURL': 'https://webtools.ccmc.gsfc.nasa.gov/DONKI/view/Alert/33919/1'}, {'messageID': '20241010-AL-008', 'messageIssueTime': '2024-10-10T21:41Z', 'messageURL': 'https://webtools.ccmc.gsfc.nasa.gov/DONKI/view/Alert/33921/1'}, {'messageID': '20241011-AL-001', 'messageIssueTime': '2024-10-11T00:34Z', 'messageURL': 'https://webtools.ccmc.gsfc.nasa.gov/DONKI/view/Alert/33925/1'}, {'messageID': '20241011-AL-002', 'messageIssueTime': '2024-10-11T00:36Z', 'messageURL': 'https://webtools.ccmc.gsfc.nasa.gov/DONKI/view/Alert/33926/1'}]"
2025-01-01T09:00:00-GST-001,2025-01-01T09:00Z,"[{'observedTime': '2025-01-01T12:00Z', 'kpIndex': 6.33, 'source': 'NOAA'}, {'observedTime': '2025-01-01T15:00Z', 'kpIndex': 6.67, 'source': 'NOAA'}, {'observedTime': '2025-01-01T18:00Z', 'kpIndex': 8.0, 'source': 'NOAA'}, {'observedTime': '2025-01-01T21:00Z', 'kpIndex': 6.67, 'source': 'NOAA'}]",https://webtools.ccmc.gsfc.nasa.gov/DONKI/view/GST/36159/-1,"[{'activityID': '2024-12-29T01:23:00-CME-001'}, {'activityID': '2024-12-29T06:24:00-CME-001'}, {'activityID': '2024-12-31T15:44:00-IPS-001'}, {'activityID': '2025-01-01T05:45:00-MPC-001'}]",2025-01-01T12:35Z,1,"[{'messageID': '20250101-AL-002', 'messageIssueTime': '2025-01-01T12:35Z', 'messageURL': 'https://webtools.ccmc.gsfc.nasa.gov/DONKI/view/Alert/36160/1'}, {'messageID': '20250101-AL-003', 'messageIssueTime': '2025-01-01T13:09Z', 'messageURL': 'https://webtools.ccmc.gsfc.nasa.gov/DONKI/view/Alert/36162/1'}, {'messageID': '20250101-AL-005', 'messageIssueTime': '2025-01-01T15:35Z', 'messageURL': 'https://webtools.ccmc.gsfc.nasa.gov/DONKI/view/Alert/36165/1'}, {'messageID': '20250101-AL-006', 'messageIssueTime': '2025-01-01T15:37Z', 'messageURL': 'https://webtools.ccmc.gsfc.nasa.gov/DONKI/view/Alert/36166/1'}, {'messageID': '20250101-AL-007', 'messageIssueTime': '2025-01-01T18:35Z', 'messageURL': 'https://webtools.ccmc.gsfc.nasa.gov/DONKI/view/Alert/36168/1'}, {'messageID': '20250101-AL-008', 'messageIssueTime': '2025-01-01T18:42Z', 'messageURL': 'https://webtools.ccmc.gsfc.nasa.gov/DONKI/view/Alert/36170/1'}]"
2025-02-27T09:00:00-GST-001,2025-02-27T09:00Z,"[{'observedTime': '2025-02-27T12:00Z', 'kpIndex': 5.67, 'source': 'NOAA'}]",https://webtools.ccmc.gsfc.nasa.gov/DONKI/view/GST/37584/-1,"[{'activityID': '2025-02-24T07:00:00-CME-001'}, {'activityID': '2025-02-26T05:26:00-IPS-001'}, {'activityID': '2025-02-26T12:36:00-HSS-001'}]",2025-02-27T12:33Z,1,"[{'messageID': '20250227-AL-003', 'messageIssueTime': '2025-02-27T12:33Z', 'messageURL': 'https://webtools.ccmc.gsfc.nasa.gov/DONKI/view/Alert/37585/1'}, {'messageID': '20250227-AL-004', 'messageIssueTime': '2025-02-27T13:07Z', 'messageURL': 'https://webtools.ccmc.gsfc.nasa.gov/DONKI/view/Alert/37587/1'}]"
2025-03-09T03:00:00-GST-001,2025-03-09T03:00Z,"[{'observedTime': '2025-03-09T06:00Z', 'kpIndex': 5.67, 'source': 'NOAA'}, {'observedTime': '2025-03-09T12:00Z', 'kpIndex': 5.67, 'source': 'NOAA'}]",https://webtools.ccmc.gsfc.nasa.gov/DONKI/view/GST/37741/-1,"[{'activityID': '2025-03-08T04:48:00-IPS-001'}, {'activityID': '2025-03-08T15:00:00-HSS-001'}]",2025-03-09T06:35Z,1,"[{'messageID': '20250309-AL-001', 'messageIssueTime': '2025-03-09T06:35Z', 'messageURL': 'https://webtools.ccmc.gsfc.nasa.gov/DONKI/view/Alert/37742/1'}, {'messageID': '20250309-AL-003', 'messageIssueTime': '2025-03-09T12:26Z', 'messageURL': 'https://webtools.ccmc.gsfc.nasa.gov/DONKI/view/Alert/37745/1'}, {'messageID': '20250309-AL-004', 'messageIssueTime': '2025-03-09T12:37Z', 'messageURL': 'https://webtools.ccmc.gsfc.nasa.gov/DONKI/view/Alert/37746/1'}]"
2025-03-14T00:00:00-GST-001,2025-03-14T00:00Z,"[{'observedTime': '2025-03-14T03:00Z', 'kpIndex': 5.67, 'source': 'NOAA'}]",https://webtools.ccmc.gsfc.nasa.gov/DONKI/view/GST/37812/-1,[{'activityID': '2025-03-12T14:17:00-HSS-001'}],2025-03-14T03:32Z,1,"[{'messageID': '20250314-AL-001', 'messageIssueTime': '2025-03-14T03:32Z', 'messageURL': 'https://webtools.ccmc.gsfc.nasa.gov/DONKI/view/Alert/37813/1'}, {'messageID': '20250314-AL-002', 'messageIssueTime': '2025-03-14T11:22Z', 'messageURL': 'https://webtools.ccmc.gsfc.nasa.gov/DONKI/view/Alert/37815/1'}]"
2025-03-22T00:00:00-GST-001,2025-03-22T00:00Z,"[{'observedTime': '2025-03-22T03:00Z', 'kpIndex': 5.67, 'source': 'NOAA'}]",https://webtools.ccmc.gsfc.nasa.gov/DONKI/view/GST/37957/-1,"[{'activityID': '2025-03-21T12:46:00-HSS-001'}, {'activityID': '2025-03-21T15:30:00-IPS-001'}]",2025-03-22T03:36Z,1,"[{'messageID': '20250322-AL-001', 'messageIssueTime': '2025-03-22T03:36Z', 'messageURL': 'https://webtools.ccmc.gsfc.nasa.gov/DONKI/view/Alert/37958/1'}, {'messageID': '20250322-AL-002', 'messageIssueTime': '2025-03-22T13:21Z', 'messageURL': 'https://webtools.ccmc.gsfc.nasa.gov/DONKI/view/Alert/37961/1'}]"
2025-03-26T12:00:00-GST-001,2025-03-26T12:00Z,"[{'observedTime': '2025-03-26T15:00Z', 'kpIndex': 5.67, 'source': 'NOAA'}, {'observedTime': '2025-03-26T18:00Z', 'kpIndex': 5.67, 'source': 'NOAA'}, {'observedTime': '2025-03-26T21:00Z', 'kpIndex': 6.33, 'source': 'NOAA'}]",https://webtools.ccmc.gsfc.nasa.gov/DONKI/view/GST/38027/-1,[{'activityID': '2025-03-26T12:21:00-HSS-001'}],2025-03-26T15:41Z,1,"[{'messageID': '20250326-AL-002', 'messageIssueTime': '2025-03-26T15:46Z', 'messageURL': 'https://webtools.ccmc.gsfc.nasa.gov/DONKI/view/Alert/38028/1'}, {'messageID': '20250326-AL-003', 'messageIssueTime': '2025-03-26T21:27Z', 'messageURL': 'https://webtools.ccmc.gsfc.nasa.gov/DONKI/view/Alert/38034/1'}]"
2025-04-05T00:00:00-GST-001,2025-04-05T00:00Z,"[{'observedTime': '2025-04-05T03:00Z', 'kpIndex': 5.67, 'source': 'NOAA'}]",https://webtools.ccmc.gsfc.nasa.gov/DONKI/view/GST/38198/-1,[{'activityID': '2025-04-03T20:51:00-HSS-001'}],2025-04-05T03:07Z,1,"[{'messageID': '20250405-AL-001', 'messageIssueTime': '2025-04-05T03:07Z', 'messageURL': 'https://webtools.ccmc.gsfc.nasa.gov/DONKI/view/Alert/38199/1'}, {'messageID': '20250405-AL-002', 'messageIssueTime': '2025-04-05T12:27Z', 'messageURL': 'https://webtools.ccmc.gsfc.nasa.gov/DONKI/view/Alert/38202/1'}]"
2025-04-15T18:00:00-GST-001,2025-04-15T18:00Z,"[{'observedTime': '2025-04-15T21:00Z', 'kpIndex': 6.0, 'source': 'NOAA'}, {'observedTime': '2025-04-16T00:00Z', 'kpIndex': 6.33, 'source': 'NOAA'}, {'observedTime': '2025-04-16T15:00Z', 'kpIndex': 7.33, 'source': 'NOAA'}, {'observedTime': '2025-04-16T18:00Z', 'kpIndex': 6.33, 'source': 'NOAA'}, {'observedTime': '2025-04-16T21:00Z', 'kpIndex': 7.67, 'source': 'NOAA'}]",https://webtools.ccmc.gsfc.nasa.gov/DONKI/view/GST/38417/-1,"[{'activityID': '2025-04-12T00:48:00-CME-001'}, {'activityID': '2025-04-13T00:12:00-CME-001'}, {'activityID': '2025-04-13T07:48:00-CME-001'}, {'activityID': '2025-04-13T08:00:00-CME-001'}, {'activityID': '2025-04-13T08:12:00-CME-001'}, {'activityID': '2025-04-15T16:36:00-IPS-001'}, {'activityID': '2025-04-15T23:21:00-MPC-001'}]",2025-04-15T21:03Z,1,"[{'messageID': '20250415-AL-004', 'messageIssueTime': '2025-04-15T21:03Z', 'messageURL': 'https://webtools.ccmc.gsfc.nasa.gov/DONKI/view/Alert/38418/1'}, {'messageID': '20250415-AL-005', 'messageIssueTime': '2025-04-15T21:15Z', 'messageURL': 'https://webtools.ccmc.gsfc.nasa.gov/DONKI/view/Alert/38419/1'}, {'messageID': '20250416-AL-001', 'messageIssueTime': '2025-04-16T00:09Z', 'messageURL': 'https://webtools.ccmc.gsfc.nasa.gov/DONKI/view/Alert/38422/1'}, {'messageID': '20250416-AL-002', 'messageIssueTime': '2025-04-16T00:16Z', 'messageURL': 'https://webtools.ccmc.gsfc.nasa.gov/DONKI/view/Alert/38423/1'}, {'messageID': '20250416-AL-003', 'messageIssueTime': '2025-04-16T15:05Z', 'messageURL': 'https://webtools.ccmc.gsfc.nasa.gov/DONKI/view/Alert/38427/1'}, {'messageID': '20250416-AL-004', 'messageIssueTime': '2025-04-16T15:38Z', 'messageURL': 'https://webtools.ccmc.gsfc.nasa.gov/DONKI/view/Alert/38428/1'}, {'messageID': '20250416-AL-005', 'messageIssueTime': '2025-04-16T21:07Z', 'messageURL': 'https://webtools.ccmc.gsfc.nasa.gov/DONKI/view/Alert/38435/1'}, {'messageID': '20250416-AL-006', 'messageIssueTime': '2025-04-16T21:12Z', 'messageURL': 'https://webtools.ccmc.gsfc.nasa.gov/DONKI/view/Alert/38436/1'}]"
2025-05-17T00:00:00-GST-001,2025-05-17T00:00Z,"[{'observedTime': '2025-05-17T03:00Z', 'kpIndex': 6.33, 'source': 'NOAA'}]",https://webtools.ccmc.gsfc.nasa.gov/DONKI/view/GST/38945/-1,[{'activityID': '2025-05-16T20:10:00-IPS-001'}],2025-05-19T15:31Z,2,"[{'messageID': '20250517-AL-001', 'messageIssueTime': '2025-05-17T03:03Z', 'messageURL': 'https://webtools.ccmc.gsfc.nasa.gov/DONKI/view/Alert/38946/1'}, {'messageID': '20250517-AL-002', 'messageIssueTime': '2025-05-17T12:46Z', 'messageURL': 'https://webtools.ccmc.gsfc.nasa.gov/DONKI/view/Alert/38948/1'}]"
2025-05-29T00:00:00-GST-001,2025-05-29T00:00Z,"[{'observedTime': '2025-05-29T03:00Z', 'kpIndex': 6.67, 'source': 'NOAA'}, {'observedTime': '2025-05-29T15:00Z', 'kpIndex': 5.67, 'source': 'NOAA'}, {'observedTime': '2025-05-29T18:00Z', 'kpIndex': 5.67, 'source': 'NOAA'}, {'observedTime': '2025-05-29T21:00Z', 'kpIndex': 5.67, 'source': 'NOAA'}]",https://webtools.ccmc.gsfc.nasa.gov/DONKI/view/GST/39145/-1,"[{'activityID': '2025-05-28T22:38:00-IPS-001'}, {'activityID': '2025-05-28T23:11:00-HSS-001'}]",2025-05-29T03:05Z,1,"[{'messageID': '20250529-AL-002', 'messageIssueTime': '2025-05-29T03:05Z', 'messageURL': 'https://webtools.ccmc.gsfc.nasa.gov/DONKI/view/Alert/39146/1'}, {'messageID': '20250529-AL-003', 'messageIssueTime': '2025-05-29T11:08Z', 'messageURL': 'https://webtools.ccmc.gsfc.nasa.gov/DONKI/view/Alert/39147/1'}]"
2025-06-01T06:00:00-GST-001,2025-06-01T06:00Z,"[{'observedTime': '2025-06-01T09:00Z', 'kpIndex': 8.0, 'source': 'NOAA'}, {'observedTime': '2025-06-01T12:00Z', 'kpIndex': 7.33, 'source': 'NOAA'}, {'observedTime': '2025-06-01T15:00Z', 'kpIndex': 7.67, 'source': 'NOAA'}, {'observedTime': '2025-06-01T21:00Z', 'kpIndex': 7.0, 'source': 'NOAA'}, {'observedTime': '2025-06-02T09:00Z', 'kpIndex': 6.33, 'source': 'NOAA'}, {'observedTime': '2025-06-02T12:00Z', 'kpIndex': 6.67, 'source': 'NOAA'}, {'observedTime': '2025-06-02T15:00Z', 'kpIndex': 6.0, 'source': 'NOAA'}, {'observedTime': '2025-06-03T00:00Z', 'kpIndex': 5.67, 'source': 'NOAA'}, {'observedTime': '2025-06-03T03:00Z', 'kpIndex': 5.67, 'source': 'NOAA'}, {'observedTime': '2025-06-03T06:00Z', 'kpIndex': 7.0, 'source': 'NOAA'}, {'observedTime': '2025-06-03T09:00Z', 'kpIndex': 6.0, 'source': 'NOAA'}, {'observedTime': '2025-06-03T15:00Z', 'kpIndex': 5.67, 'source': 'NOAA'}]",https://webtools.ccmc.gsfc.nasa.gov/DONKI/view/GST/39234/-1,"[{'activityID': '2025-05-30T06:38:00-CME-001'}, {'activityID': '2025-05-30T12:53:00-CME-001'}, {'activityID': '2025-05-31T00:15:00-CME-001'}, {'activityID': '2025-05-31T14:23:00-CME-001'}, {'activityID': '2025-06-01T05:22:00-IPS-001'}, {'activityID': '2025-06-01T10:03:00-MPC-001'}, {'activityID': '2025-06-02T11:40:00-MPC-001'}, {'activityID': '2025-06-02T20:02:00-IPS-001'}]",2025-06-01T09:08Z,1,"[{'messageID': '20250601-AL-003', 'messageIssueTime': '2025-06-01T09:08Z', 'messageURL': 'https://webtools.ccmc.gsfc.nasa.gov/DONKI/view/Alert/39235/1'}, {'messageID': '20250601-AL-007', 'messageIssueTime': '2025-06-01T13:51Z', 'messageURL': 'https://webtools.ccmc.gsfc.nasa.gov/DONKI/view/Alert/39242/1'}, {'messageID': '20250602-AL-002', 'messageIssueTime': '2025-06-02T12:18Z', 'messageURL': 'https://webtools.ccmc.gsfc.nasa.gov/DONKI/view/Alert/39253/1'}, {'messageID': '20250603-AL-001', 'messageIssueTime': '2025-06-03T13:09Z', 'messageURL': 'https://webtools.ccmc.gsfc.nasa.gov/DONKI/view/Alert/39268/1'}]"
2025-06-13T00:00:00-GST-001,2025-06-13T00:00Z,"[{'observedTime': '2025-06-13T03:00Z', 'kpIndex': 6.33, 'source': 'NOAA'}, {'observedTime': '2025-06-13T06:00Z', 'kpIndex': 5.67, 'source': 'NOAA'}, {'observedTime': '2025-06-13T15:00Z', 'kpIndex': 6.0, 'source': 'NOAA'}, {'observedTime': '2025-06-13T21:00Z', 'kpIndex': 6.0, 'source': 'NOAA'}, {'observedTime': '2025-06-14T00:00Z', 'kpIndex': 5.67, 'source': 'NOAA'}]",https://webtools.ccmc.gsfc.nasa.gov/DONKI/view/GST/39452/-1,"[{'activityID': '2025-06-08T02:48:00-CME-001'}, {'activityID': '2025-06-11T11:25:00-IPS-001'}, {'activityID': '2025-06-11T11:25:00-HSS-001'}, {'activityID': '2025-06-12T19:30:00-IPS-001'}]",2025-06-13T03:03Z,1,"[{'messageID': '20250613-AL-001', 'messageIssueTime': '2025-06-13T03:03Z', 'messageURL': 'https://webtools.ccmc.gsfc.nasa.gov/DONKI/view/Alert/39453/1'}, {'messageID': '20250613-AL-002', 'messageIssueTime': '2025-06-13T12:31Z', 'messageURL': 'https://webtools.ccmc.gsfc.nasa.gov/DONKI/view/Alert/39455/1'}]"
2025-08-09T15:00:00-GST-001,2025-08-09T15:00Z,"[{'observedTime': '2025-08-09T18:00Z', 'kpIndex': 6.0, 'source': 'NOAA'}]",https://webtools.ccmc.gsfc.nasa.gov/DONKI/view/GST/40480/-1,"[{'activityID': '2025-08-05T16:48:00-CME-001'}, {'activityID': '2025-08-08T06:30:00-IPS-001'}, {'activityID': '2025-08-08T12:02:00-HSS-001'}, {'activityID': '2025-08-08T23:46:00-IPS-001'}]",2025-08-09T18:03Z,1,"[{'messageID': '20250809-AL-005', 'messageIssueTime': '2025-08-09T18:03Z', 'messageURL': 'https://webtools.ccmc.gsfc.nasa.gov/DONKI/view/Alert/40481/1'}, {'messageID': '20250809-AL-006', 'messageIssueTime': '2025-08-09T18:19Z', 'messageURL': 'https://webtools.ccmc.gsfc.nasa.gov/DONKI/view/Alert/40482/1'}]"
2025-09-01T21:00:00-GST-001,2025-09-01T21:00Z,"[{'observedTime': '2025-09-02T00:00Z', 'kpIndex': 6.0, 'source': 'NOAA'}]",https://webtools.ccmc.gsfc.nasa.gov/DONKI/view/GST/41013/-1,"[{'activityID': '2025-08-30T00:23:00-CME-001'}, {'activityID': '2025-08-30T20:09:00-CME-001'}, {'activityID': '2025-09-01T20:26:00-IPS-001'}]",2025-09-02T00:03Z,1,"[{'messageID': '20250902-AL-001', 'messageIssueTime': '2025-09-02T00:03Z', 'messageURL': 'https://webtools.ccmc.gsfc.nasa.gov/DONKI/view/Alert/41014/1'}, {'messageID': '20250902-AL-002', 'messageIssueTime': '2025-09-02T00:10Z', 'messageURL': 'https://webtools.ccmc.gsfc.nasa.gov/DONKI/view/Alert/41015/1'}]"
2025-09-09T21:00:00-GST-001,2025-09-09T21:00Z,"[{'observedTime': '2025-09-10T00:00Z', 'kpIndex': 5.67, 'source': 'NOAA'}]",https://webtools.ccmc.gsfc.nasa.gov/DONKI/view/GST/41126/-1,[{'activityID': '2025-09-06T04:20:00-HSS-001'}],2025-09-10T00:02Z,1,"[{'messageID': '20250910-AL-001', 'messageIssueTime': '2025-09-10T00:02Z', 'messageURL': 'https://webtools.ccmc.gsfc.nasa.gov/DONKI/view/Alert/41127/1'}, {'messageID': '20250910-AL-002', 'messageIssueTime': '2025-09-10T00:10Z', 'messageURL': 'https://webtools.ccmc.gsfc.nasa.gov/DONKI/view/Alert/41128/1'}]"
2025-09-15T00:00:00-GST-001,2025-09-15T00:00Z,"[{'observedTime': '2025-09-15T03:00Z', 'kpIndex': 6.67, 'source': 'NOAA'}]",https://webtools.ccmc.gsfc.nasa.gov/DONKI/view/GST/41239/-1,"[{'activityID': '2025-09-14T13:57:00-IPS-001'}, {'activityID': '2025-09-14T19:10:00-HSS-001'}]",2025-09-15T03:03Z,1,"[{'messageID': '20250915-AL-001', 'messageIssueTime': '2025-09-15T03:03Z', 'messageURL': 'https://webtools.ccmc.gsfc.nasa.gov/DONKI/view/Alert/41240/1'}, {'messageID': '20250915-AL-002', 'messageIssueTime': '2025-09-15T11:52Z', 'messageURL': 'https://webtools.ccmc.gsfc.nasa.gov/DONKI/view/Alert/41241/1'}]"
2025-09-30T03:00:00-GST-001,2025-09-30T03:00Z,"[{'observedTime': '2025-09-30T06:00Z', 'kpIndex': 7.33, 'source': 'NOAA'}, {'observedTime': '2025-09-30T09:00Z', 'kpIndex': 6.0, 'source': 'NOAA'}, {'observedTime': '2025-09-30T15:00Z', 'kpIndex': 5.67, 'source': 'NOAA'}, {'observedTime': '2025-09-30T18:00Z', 'kpIndex': 5.67, 'source': 'NOAA'}, {'observedTime': '2025-10-01T00:00Z', 'kpIndex': 5.67, 'source': 'NOAA'}, {'observedTime': '2025-10-01T15:00Z', 'kpIndex': 5.67, 'source': 'NOAA'}, {'observedTime': '2025-10-01T21:00Z', 'kpIndex': 6.0, 'source': 'NOAA'}, {'observedTime': '2025-10-02T06:00Z', 'kpIndex': 6.67, 'source': 'NOAA'}]",https://webtools.ccmc.gsfc.nasa.gov/DONKI/view/GST/41517/-1,"[{'activityID': '2025-09-27T20:34:00-HSS-001'}, {'activityID': '2025-09-30T11:40:00-HSS-001'}]",2025-09-30T06:03Z,1,"[{'messageID': '20250930-AL-002', 'messageIssueTime': '2025-09-30T06:03Z', 'messageURL': 'https://webtools.ccmc.gsfc.nasa.gov/DONKI/view/Alert/41518/1'}, {'messageID': '20250930-AL-003', 'messageIssueTime': '2025-09-30T11:47Z', 'messageURL': 'https://webtools.ccmc.gsfc.nasa.gov/DONKI/view/Alert/41519/1'}]"
2025-10-18T18:00:00-GST-001,2025-10-18T18:00Z,"[{'observedTime': '2025-10-18T21:00Z', 'kpIndex': 6.0, 'source': 'NOAA'}]",https://webtools.ccmc.gsfc.nasa.gov/DONKI/view/GST/41876/-1,"[{'activityID': '2025-10-18T14:30:00-IPS-001'}, {'activityID': '2025-10-19T05:32:00-HSS-001'}]",2025-10-18T21:03Z,1,"[{'messageID': '20251018-AL-001', 'messageIssueTime': '2025-10-18T21:03Z', 'messageURL': 'https://webtools.ccmc.gsfc.nasa.gov/DONKI/view/Alert/41877/1'}, {'messageID': '20251018-AL-002', 'messageIssueTime': '2025-10-18T21:24Z', 'messageURL': 'https://webtools.ccmc.gsfc.nasa.gov/DONKI/view/Alert/41878/1'}]"
2025-11-05T21:00:00-GST-001,2025-11-05T21:00Z,"[{'observedTime': '2025-11-06T00:00Z', 'kpIndex': 6.0, 'source': 'NOAA'}, {'observedTime': '2025-11-06T06:00Z', 'kpIndex': 6.67, 'source': 'NOAA'}, {'observedTime': '2025-11-06T09:00Z', 'kpIndex': 5.67, 'source': 'NOAA'}]",https://webtools.ccmc.gsfc.nasa.gov/DONKI/view/GST/42455/-1,"[{'activityID': '2025-11-03T09:36:00-CME-001'}, {'activityID': '2025-11-05T16:50:00-IPS-001'}, {'activityID': '2025-11-06T03:51:00-MPC-001'}]",2025-11-06T00:06Z,1,"[{'messageID': '20251106-AL-001', 'messageIssueTime': '2025-11-06T00:06Z', 'messageURL': 'https://webtools.ccmc.gsfc.nasa.gov/DONKI/view/Alert/42456/1'}, {'messageID': '20251106-AL-002', 'messageIssueTime': '2025-11-06T00:17Z', 'messageURL': 'https://webtools.ccmc.gsfc.nasa.gov/DONKI/view/Alert/42457/1'}, {'messageID': '20251106-AL-008', 'messageIssueTime': '2025-11-06T06:02Z', 'messageURL': 'https://webtools.ccmc.gsfc.nasa.gov/DONKI/view/Alert/42479/1'}, {'messageID': '20251106-AL-009', 'messageIssueTime': '2025-11-06T12:41Z', 'messageURL': 'https://webtools.ccmc.gsfc.nasa.gov/DONKI/view/Alert/42483/1'}]"
2025-11-08T00:00:00-GST-001,2025-11-08T00:00Z,"[{'observedTime': '2025-11-08T03:00Z', 'kpIndex': 6.33, 'source': 'NOAA'}]",https://webtools.ccmc.gsfc.nasa.gov/DONKI/view/GST/42533/-1,"[{'activityID': '2025-11-05T22:23:00-CME-001'}, {'activityID': '2025-11-07T21:54:00-IPS-001'}]",2025-11-08T03:00Z,1,"[{'messageID': '20251108-AL-001', 'messageIssueTime': '2025-11-08T03:00Z', 'messageURL': 'https://webtools.ccmc.gsfc.nasa.gov/DONKI/view/Alert/42534/1'}, {'messageID': '20251108-AL-002', 'messageIssueTime': '2025-11-08T03:20Z', 'messageURL': 'https://webtools.ccmc.gsfc.nasa.gov/DONKI/view/Alert/42536/1'}]"
2025-11-12T00:00:00-GST-001,2025-11-12T00:00Z,"[{'observedTime': '2025-11-12T03:00Z', 'kpIndex': 8.67, 'source': 'NOAA'}, {'observedTime': '2025-11-12T06:00Z', 'kpIndex': 8.33, 'source': 'NOAA'}, {'observedTime': '2025-11-12T09:00Z', 'kpIndex': 6.67, 'source': 'NOAA'}, {'observedTime': '2025-11-12T12:00Z', 'kpIndex': 7.0, 'source': 'NOAA'}, {'observedTime': '2025-11-12T21:00Z', 'kpIndex': 6.0, 'source': 'NOAA'}]",https://webtools.ccmc.gsfc.nasa.gov/DONKI/view/GST/42642/-1,"[{'activityID': '2025-11-07T12:53:00-CME-001'}, {'activityID': '2025-11-09T07:24:00-CME-001'}, {'activityID': '2025-11-10T09:36:00-CME-001'}, {'activityID': '2025-11-11T22:11:00-IPS-001'}, {'activityID': '2025-11-12T00:59:00-MPC-001'}]",2025-11-12T03:05Z,1,"[{'messageID': '20251112-AL-004', 'messageIssueTime': '2025-11-12T03:05Z', 'messageURL': 'https://webtools.ccmc.gsfc.nasa.gov/DONKI/view/Alert/42643/1'}, {'messageID': '20251112-AL-005', 'messageIssueTime': '2025-11-12T03:13Z', 'messageURL': 'https://webtools.ccmc.gsfc.nasa.gov/DONKI/view/Alert/42644/1'}]"
2025-11-12T18:00:00-GST-001,2025-11-12T18:00Z,"[{'observedTime': '2025-11-12T21:00Z', 'kpIndex': 6.0, 'source': 'NOAA'}, {'observedTime': '2025-11-13T03:00Z', 'kpIndex': 7.33, 'source': 'NOAA'}, {'observedTime': '2025-11-13T06:00Z', 'kpIndex': 6.67, 'source': 'NOAA'}, {'observedTime': '2025-11-13T09:00Z', 'kpIndex': 6.0, 'source': 'NOAA'}]",https://webtools.ccmc.gsfc.nasa.gov/DONKI/view/GST/42662/-1,"[{'activityID': '2025-11-10T13:08:00-CME-001'}, {'activityID': '2025-11-11T10:23:00-CME-001'}, {'activityID': '2025-11-12T18:52:00-IPS-001'}, {'activityID': '2025-11-13T01:27:00-MPC-001'}]",2025-11-12T21:44Z,1,"[{'messageID': '20251112-AL-009', 'messageIssueTime': '2025-11-12T21:47Z', 'messageURL': 'https://webtools.ccmc.gsfc.nasa.gov/DONKI/view/Alert/42663/1'}, {'messageID': '20251113-AL-002', 'messageIssueTime': '2025-11-13T03:05Z', 'messageURL': 'https://webtools.ccmc.gsfc.nasa.gov/DONKI/view/Alert/42671/1'}, {'messageID': '20251113-AL-003', 'messageIssueTime': '2025-11-13T03:13Z', 'messageURL': 'https://webtools.ccmc.gsfc.nasa.gov/DONKI/view/Alert/42672/1'}]"
2025-12-03T18:00:00-GST-001,2025-12-03T18:00Z,"[{'observedTime': '2025-12-03T21:00Z', 'kpIndex': 6.67, 'source': 'NOAA'}]",https://webtools.ccmc.gsfc.nasa.gov/DONKI/view/GST/43225/-1,"[{'activityID': '2025-12-03T05:01:00-IPS-001'}, {'activityID': '2025-12-03T10:20:00-HSS-001'}, {'activityID': '2025-12-03T22:15:00-MPC-001'}]",2025-12-10T17:12Z,2,"[{'messageID': '20251203-AL-003', 'messageIssueTime': '2025-12-03T21:04Z', 'messageURL': 'https://webtools.ccmc.gsfc.nasa.gov/DONKI/view/Alert/43226/1'}, {'messageID': '20251203-AL-004', 'messageIssueTime': '2025-12-03T21:19Z', 'messageURL': 'https://webtools.ccmc.gsfc.nasa.gov/DONKI/view/Alert/43228/1'}]"
2025-12-10T21:00:00-GST-001,2025-12-10T21:00Z,"[{'observedTime': '2025-12-11T00:00Z', 'kpIndex': 6.33, 'source': 'NOAA'}, {'observedTime': '2025-12-11T03:00Z', 'kpIndex': 5.67, 'source': 'NOAA'}]",https://webtools.ccmc.gsfc.nasa.gov/DONKI/view/GST/43425/-1,"[{'activityID': '2025-12-08T01:38:00-CME-001'}, {'activityID': '2025-12-08T05:12:00-CME-001'}, {'activityID': '2025-12-10T20:00:00-IPS-001'}, {'activityID': '2025-12-10T21:58:00-MPC-001'}]",2025-12-11T00:05Z,1,"[{'messageID': '20251211-AL-001', 'messageIssueTime': '2025-12-11T00:05Z', 'messageURL': 'https://webtools.ccmc.gsfc.nasa.gov/DONKI/view/Alert/43426/1'}, {'messageID': '20251211-AL-002', 'messageIssueTime': '2025-12-11T00:15Z', 'messageURL': 'https://webtools.ccmc.gsfc.nasa.gov/DONKI/view/Alert/43427/1'}]"
2026-01-10T18:00:00-GST-001,2026-01-10T18:00Z,"[{'observedTime': '2026-01-10T21:00Z', 'kpIndex': 6.0, 'source': 'NOAA'}, {'observedTime': '2026-01-11T00:00Z', 'kpIndex': 5.67, 'source': 'NOAA'}]",https://webtools.ccmc.gsfc.nasa.gov/DONKI/view/GST/43885/-1,"[{'activityID': '2026-01-08T05:53:00-CME-001'}, {'activityID': '2026-01-08T15:48:00-CME-001'}, {'activityID': '2026-01-08T17:00:00-CME-001'}, {'activityID': '2026-01-08T17:12:00-CME-001'}, {'activityID': '2026-01-10T19:36:00-IPS-001'}, {'activityID': '2026-01-11T05:56:00-MPC-001'}]",2026-01-10T21:05Z,1,"[{'messageID': '20260110-AL-004', 'messageIssueTime': '2026-01-10T21:05Z', 'messageURL': 'https://webtools.ccmc.gsfc.nasa.gov/DONKI/view/Alert/43886/1'}, {'messageID': '20260110-AL-005', 'messageIssueTime': '2026-01-10T21:19Z', 'messageURL': 'https://webtools.ccmc.gsfc.nasa.gov/DONKI/view/Alert/43887/1'}]"
2026-01-19T18:00:00-GST-001,2026-01-19T18:00Z,"[{'observedTime': '2026-01-19T21:00Z', 'kpIndex': 8.33, 'source': 'NOAA'}, {'observedTime': '2026-01-20T00:00Z', 'kpIndex': 8.67, 'source': 'NOAA'}, {'observedTime': '2026-01-20T03:00Z', 'kpIndex': 6.33, 'source': 'NOAA'}, {'observedTime': '2026-01-20T06:00Z', 'kpIndex': 5.67, 'source': 'NOAA'}, {'observedTime': '2026-01-20T09:00Z', 'kpIndex': 7.67, 'source': 'NOAA'}, {'observedTime': '2026-01-20T12:00Z', 'kpIndex': 8.0, 'source': 'NOAA'}, {'observedTime': '2026-01-20T15:00Z', 'kpIndex': 7.33, 'source': 'NOAA'}, {'observedTime': '2026-01-20T18:00Z', 'kpIndex': 7.0, 'source': 'NOAA'}, {'observedTime': '2026-01-20T21:00Z', 'kpIndex': 7.0, 'source': 'NOAA'}, {'observedTime': '2026-01-21T00:00Z', 'kpIndex': 7.67, 'source': 'NOAA'}, {'observedTime': '2026-01-21T03:00Z', 'kpIndex': 7.33, 'source': 'NOAA'}, {'observedTime': '2026-01-21T06:00Z', 'kpIndex': 7.0, 'source': 'NOAA'}, {'observedTime': '2026-01-21T09:00Z', 'kpIndex': 6.67, 'source': 'NOAA'}, {'observedTime': '2026-01-21T12:00Z', 'kpIndex': 6.33, 'source': 'NOAA'}]",https://webtools.ccmc.gsfc.nasa.gov/DONKI/view/GST/44061/-1,"[{'activityID': '2026-01-18T18:09:00-CME-001'}, {'activityID': '2026-01-19T18:55:00-IPS-001'}, {'activityID': '2026-01-19T22:49:00-MPC-001'}]",2026-01-19T21:03Z,1,"[{'messageID': '20260119-AL-007', 'messageIssueTime': '2026-01-19T21:09Z', 'messageURL': 'https://webtools.ccmc.gsfc.nasa.gov/DONKI/view/Alert/44062/1'}, {'messageID': '20260120-AL-001', 'messageIssueTime': '2026-01-20T00:10Z', 'messageURL': 'https://webtools.ccmc.gsfc.nasa.gov/DONKI/view/Alert/44065/1'}, {'messageID': '20260120-AL-002', 'messageIssueTime': '2026-01-20T12:19Z', 'messageURL': 'https://webtools.ccmc.gsfc.nasa.gov/DONKI/view/Alert/44086/1'}, {'messageID': '20260121-AL-001', 'messageIssueTime': '2026-01-21T00:09Z', 'messageURL': 'https://webtools.ccmc.gsfc.nasa.gov/DONKI/view/Alert/44103/1'}]"
2026-02-16T18:00:00-GST-001,2026-02-16T18:00Z,"[{'observedTime': '2026-02-16T21:00Z', 'kpIndex': 6.0, 'source': 'NOAA'}]",https://webtools.ccmc.gsfc.nasa.gov/DONKI/view/GST/44700/-1,[{'activityID': '2026-02-14T15:30:00-HSS-001'}],2026-02-16T21:06Z,1,"[{'messageID': '20260216-AL-005', 'messageIssueTime': '2026-02-16T21:06Z', 'messageURL': 'https://webtools.ccmc.gsfc.nasa.gov/DONKI/view/Alert/44701/1'}, {'messageID': '20260216-AL-006', 'messageIssueTime': '2026-02-16T21:24Z', 'messageURL': 'https://webtools.ccmc.gsfc.nasa.gov/DONKI/view/Alert/44702/1'}]"
2026-03-13T21:00:00-GST-001,2026-03-13T21:00Z,"[{'observedTime': '2026-03-14T00:00Z', 'kpIndex': 5.67, 'source': 'NOAA'}, {'observedTime': '2026-03-14T03:00Z', 'kpIndex': 5.67, 'source': 'NOAA'}, {'observedTime': '2026-03-14T06:00Z', 'kpIndex': 6.0, 'source': 'NOAA'}]",https://webtools.ccmc.gsfc.nasa.gov/DONKI/view/GST/45068/-1,"[{'activityID': '2026-03-13T07:06:00-IPS-001'}, {'activityID': '2026-03-13T08:08:00-HSS-001'}]",2026-03-14T00:03Z,1,"[{'messageID': '20260314-AL-001', 'messageIssueTime': '2026-03-14T00:03Z', 'messageURL': 'https://webtools.ccmc.gsfc.nasa.gov/DONKI/view/Alert/45069/1'}, {'messageID': '20260314-AL-002', 'messageIssueTime': '2026-03-14T00:08Z', 'messageURL': 'https://webtools.ccmc.gsfc.nasa.gov/DONKI/view/Alert/45070/1'}, {'messageID': '20260314-AL-003', 'messageIssueTime': '2026-03-14T06:03Z', 'messageURL': 'https://webtools.ccmc.gsfc.nasa.gov/DONKI/view/Alert/45073/1'}, {'messageID': '20260314-AL-004', 'messageIssueTime': '2026-03-14T12:16Z', 'messageURL': 'https://webtools.ccmc.gsfc.nasa.gov/DONKI/view/Alert/45074/1'}]"
2026-03-20T18:00:00-GST-001,2026-03-20T18:00Z,"[{'observedTime': '2026-03-20T21:00Z', 'kpIndex': 5.67, 'source': 'NOAA'}, {'observedTime': '2026-03-21T00:00Z', 'kpIndex': 6.67, 'source': 'NOAA'}, {'observedTime': '2026-03-21T03:00Z', 'kpIndex': 7.0, 'source': 'NOAA'}, {'observedTime': '2026-03-21T06:00Z', 'kpIndex': 6.0, 'source': 'NOAA'}]",https://webtools.ccmc.gsfc.nasa.gov/DONKI/view/GST/45201/-1,"[{'activityID': '2026-03-18T09:23:00-CME-001'}, {'activityID': '2026-03-20T20:17:00-IPS-001'}, {'activityID': '2026-03-20T21:13:00-MPC-001'}]",2026-03-20T21:03Z,1,"[{'messageID': '20260320-AL-003', 'messageIssueTime': '2026-03-20T21:03Z', 'messageURL': 'https://webtools.ccmc.gsfc.nasa.gov/DONKI/view/Alert/45202/1'}, {'messageID': '20260320-AL-006', 'messageIssueTime': '2026-03-20T21:45Z', 'messageURL': 'https://webtools.ccmc.gsfc.nasa.gov/DONKI/view/Alert/45207/1'}, {'messageID': '20260321-AL-001', 'messageIssueTime': '2026-03-21T00:03Z', 'messageURL': 'https://webtools.ccmc.gsfc.nasa.gov/DONKI/view/Alert/45208/1'}, {'messageID': '20260321-AL-002', 'messageIssueTime': '2026-03-21T00:25Z', 'messageURL': 'https://webtools.ccmc.gsfc.nasa.gov/DONKI/view/Alert/45209/1'}, {'messageID': '20260321-AL-003', 'messageIssueTime': '2026-03-21T03:04Z', 'messageURL': 'https://webtools.ccmc.gsfc.nasa.gov/DONKI/view/Alert/45214/1'}, {'messageID': '20260321-AL-004', 'messageIssueTime': '2026-03-21T12:18Z', 'messageURL': 'https://webtools.ccmc.gsfc.nasa.gov/DONKI/view/Alert/45215/1'}]"
2026-03-22T09:00:00-GST-001,2026-03-22T09:00Z,"[{'observedTime': '2026-03-22T12:00Z', 'kpIndex': 6.67, 'source': 'NOAA'}, {'observedTime': '2026-03-22T15:00Z', 'kpIndex': 6.0, 'source': 'NOAA'}, {'observedTime': '2026-03-22T18:00Z', 'kpIndex': 6.67, 'source': 'NOAA'}, {'observedTime': '2026-03-22T21:00Z', 'kpIndex': 6.33, 'source': 'NOAA'}, {'observedTime': '2026-03-23T00:00Z', 'kpIndex': 6.33, 'source': 'NOAA'}]",https://webtools.ccmc.gsfc.nasa.gov/DONKI/view/GST/45234/-1,[{'activityID': '2026-03-21T19:13:00-HSS-001'}],2026-03-22T12:02Z,1,"[{'messageID': '20260322-AL-001', 'messageIssueTime': '2026-03-22T12:02Z', 'messageURL': 'https://webtools.ccmc.gsfc.nasa.gov/DONKI/view/Alert/45235/1'}, {'messageID': '20260322-AL-002', 'messageIssueTime': '2026-03-22T12:25Z', 'messageURL': 'https://webtools.ccmc.gsfc.nasa.gov/DONKI/view/Alert/45237/1'}, {'messageID': '20260322-AL-004', 'messageIssueTime': '2026-03-22T18:08Z', 'messageURL': 'https://webtools.ccmc.gsfc.nasa.gov/DONKI/view/Alert/45240/1'}]"
